Designator,Val,Package,Mid X,Mid Y,Rotation,Layer
J1,Conn_01x04_Socket,SSD1306-0.91-OLED-4pin-128x32,119.635,-94.885,180.0,top
SW1,SW_Push,MX-Solderable-1U,128.0,-112.88195,0.0,top
SW2,SW_Push,MX-Solderable-1U,147.0,-112.88195,0.0,top
SW3,SW_Push,MX-Solderable-1U,166.0,-112.88195,0.0,top
SW4,SW_Push,MX-Solderable-1U,128.0,-131.88195,0.0,top
SW5,SW_Push,MX-Solderable-1U,147.0,-131.88195,0.0,top
SW6,SW_Push,MX-Solderable-1U,166.0,-131.88195,0.0,top
U1,XIAO-RP2040-DIP,XIAO-RP2040-DIP,167.0,-95.0,-90.0,top
